LDblock	SNP	CHR	BP	REF	ALT	BETA	SE	NEF	AF	AFR	EAS	EUR	SAS	LP	NC	NCO	EUR_LDblock	AFR_LDblock	EAS_LDblock	BCSQ	P_value	START	END
EUR-1_43758457_44969183	1_44076469_G_A	1	44076469	G	A	-0.0788019	0.0102	128214	0.674	0.251527	0.790698	0.712236	0.530612	14.0442	186843	38691	EUR-1_43758457_44969183	AFR-1_43758457_44969183	EAS-1_43758457_44969183		9.032334235672459e-15	43758457	44969183
EUR-5_87389991_88891530	5_87854395_A_C	5	87854395	A	C	0.0852965	0.011	74970	0.427	0.155433	0.290584	0.401836	0.29373	14.0233	48850	30410	EUR-5_87389991_88891530	AFR-5_87389991_88891530	EAS-5_87389991_88891530		9.477635452629594e-15	87389991	88891530
EUR-11_28481593_30141357	11_28602173_C_A	11	28602173	C	A	-0.0724974	0.0096	128214	0.382	0.263072	0.25	0.289204	0.136364	13.3879	186843	38691	EUR-11_28481593_30141357	AFR-11_28481593_30141357	EAS-11_28481593_30141357		4.0935490632955943e-14	28481593	30141357
EUR-5_103320005_104851483	5_103964585_G_A	5	103964585	G	A	0.0732053	0.01	128214	0.318	0.0579827	0.0813953	0.325703	0.428571	12.6087	186843	38691	EUR-5_103320005_104851483	AFR-5_103320005_104851483	EAS-5_103320005_104851483		2.462067753021215e-13	103320005	104851483
EUR-20_20959710_22491456	20_21250843_T_C	20	21250843	T	C	-0.0703	0.0101	128214	0.709	0.527329	0.795848	0.725413	0.822581	11.359	186843	38691	EUR-20_20959710_22491456	AFR-20_20959710_22491456	EAS-20_20959710_22491456		4.375221051582521e-12	20959710	22491456
EUR-7_113712387_116780178	7_114204129_T_A	7	114204129	T	A	0.0639321	0.00935348	127099	0.618	0.525	1.0	0.446429	0.5	11.0865	185911	38325	EUR-7_113712387_116780178	AFR-7_113712387_116780178	EAS-7_113712387_116780178		8.194076231802796e-12	113712387	116780178
EUR-4_111256567_113870102	4_112217523_C_T	4	112217523	C	T	-0.0963006	0.0151	126293	0.12	0.0613196	0.0	0.126607	0.146056	9.78915	185088	38067	EUR-4_111256567_113870102	AFR-4_111256567_113870102	EAS-4_111256567_113870102		1.624987408047442e-10	111256567	113870102
EUR-3_42540002_45165153	3_43692371_G_A	3	43692371	G	A	0.263114	0.0421025	128214	0.049	0.0222092	0.0	0.00155609	0.0	9.38496	186843	38691	EUR-3_42540002_45165153	AFR-3_42540002_45165153	EAS-3_42540002_45165153		4.121354764294769e-10	42540002	45165153
EUR-3_85582231_87409732	3_87015142_C_G	3	87015142	C	G	-0.250603	0.0403	125439	0.012	0.00339443	0.0	0.0156797	0.0	9.29022	186107	37715	EUR-3_85582231_87409732	AFR-3_85582231_87409732	EAS-3_85582231_87409732		5.126016502483532e-10	85582231	87409732
EUR-3_20091348_21643707	3_20724204_G_A	3	20724204	G	A	-0.0587971	0.0096	128214	0.357	0.0269424	0.0	0.264328	0.0	9.10248	186843	38691	EUR-3_20091348_21643707	AFR-3_20091348_21643707	EAS-3_20091348_21643707		7.898052204369443e-10	20091348	21643707
EUR-14_98341162_99138532	14_98690923_T_A	14	98690923	T	A	0.0816006	0.0134	128214	0.158	0.0522743	0.313953	0.162537	0.112245	8.923	186843	38691	EUR-14_98341162_99138532	AFR-14_98341162_99138532	EAS-14_98341162_99138532		1.193988104464273e-9	98341162	99138532
EUR-16_60745694_62229849	16_61966703_C_T	16	61966703	C	T	-0.0613961	0.0102	127463	0.394	0.084107	0.513314	0.383784	0.303042	8.71625	186581	38429	EUR-16_60745694_62229849	AFR-16_60745694_62229849	EAS-16_60745694_62229849		1.921985026888302e-9	60745694	62229849
EUR-12_89682122_92066155	12_89771903_T_C	12	89771903	T	C	0.0559039	0.0094	128214	0.44	0.578945	0.450123	0.459952	0.499496	8.63846	186843	38691	EUR-12_89682122_92066155	AFR-12_89682122_92066155	EAS-12_89682122_92066155		2.2990054457397606e-9	89682122	92066155
EUR-16_17644749_18643607	16_18044275_A_T	16	18044275	A	T	0.432456	0.072569	128214	0.299	0.0	0.0	0.000213129	0.0	8.59616	186843	38691	EUR-16_17644749_18643607	AFR-16_17644749_18643607	EAS-16_17644749_18643607		2.53419482661856e-9	17644749	18643607
EUR-3_70449028_72529329	3_71509380_CTTTGTTTG_C	3	71509380	CTTTGTTTG	C	-0.0604753	0.0101789	128214	0.3406	0.0	0.0	0.0	0.0	8.54843	186843	38691	EUR-3_70449028_72529329	AFR-3_70449028_72529329	EAS-3_70449028_72529329		2.8285899891470786e-9	70449028	72529329
EUR-6_69523448_71609510	6_70858701_A_C	6	70858701	A	C	0.0548998	0.0093	128214	0.45	0.633741	0.302326	0.428741	0.438776	8.39827	186843	38691	EUR-6_69523448_71609510	AFR-6_69523448_71609510	EAS-6_69523448_71609510		3.996961821949981e-9	69523448	71609510
EUR-2_144519484_146445570	2_145714354_A_C	2	145714354	A	C	-0.0628997	0.0108	128214	0.231	0.0705486	0.173519	0.24165	0.199112	8.31185	186843	38691	EUR-2_144519484_146445570	AFR-2_144519484_146445570	EAS-2_144519484_146445570		4.876969055610899e-9	144519484	146445570
EUR-5_142981248_144943354	5_144474779_C_T	5	144474779	C	T	0.0542978	0.0093	128214	0.53	0.534168	0.476637	0.499879	0.27358	8.24995	186843	38691	EUR-5_142981248_144943354	AFR-5_142981248_144943354	EAS-5_142981248_144943354		5.6240607085496535e-9	142981248	144943354
EUR-8_90638162_93554386	8_93277087_T_G	8	93277087	T	G	-0.0551982	0.0095	128214	0.601	0.432323	0.63961	0.560233	0.525641	8.1716	186843	38691	EUR-8_90638162_93554386	AFR-8_90638162_93554386	EAS-8_90638162_93554386		6.735967762229432e-9	90638162	93554386
EUR-8_144236881_146303867	8_145802447_T_G	8	145802447	T	G	0.0579999	0.0101	125893	0.469	0.146879	0.472039	0.477988	0.562902	8.08076	186034	37882	EUR-8_144236881_146303867	AFR-8_144236881_146303867	EAS-8_144236881_146303867		8.303094867331584e-9	144236881	146303867
EUR-5_41888710_43983499	5_43183159_A_T	5	43183159	A	T	0.459539	0.0802058	127015	0.673348	0.0	0.0	0.000966268	0.0	7.99684	185826	38298	EUR-5_41888710_43983499	AFR-5_41888710_43983499	EAS-5_41888710_43983499		1.007302704530964e-8	41888710	43983499
EUR-18_5834180_7090485	18_5871800_C_A	18	5871800	C	A	-0.0800027	0.014	128214	0.141	0.0414121	0.0	0.143917	0.0408163	7.90588	186843	38691	EUR-18_5834180_7090485	AFR-18_5834180_7090485	EAS-18_5834180_7090485		1.2419954362064958e-8	5834180	7090485
EUR-18_47730584_51062185	18_50625779_G_A	18	50625779	G	A	0.0559039	0.0098	128214	0.628	0.87766	0.465116	0.659452	0.408163	7.90588	186843	38691	EUR-18_47730584_51062185	AFR-18_47730584_51062185	EAS-18_47730584_51062185		1.2419954362064958e-8	47730584	51062185
EUR-4_146178187_148521873	4_147099654_G_A	4	147099654	G	A	0.0568032	0.01	128214	0.345	0.0932247	0.09	0.323915	0.140351	7.85543	186843	38691	EUR-4_146178187_148521873	AFR-4_146178187_148521873	EAS-4_146178187_148521873		1.3949864847765142e-8	146178187	148521873
EUR-11_27020461_28481593	11_28439406_T_C	11	28439406	T	C	0.052199	0.0093	128214	0.508	0.180846	0.229167	0.504447	0.326531	7.64168	186843	38691	EUR-11_27020461_28481593	AFR-11_27020461_28481593	EAS-11_27020461_28481593		2.2820229092995303e-8	27020461	28481593
EUR-3_51832015_54081390	3_51884072_G_A	3	51884072	G	A	0.0580953	0.0105	123175	0.692	0.276819	0.313953	0.677446	0.683673	7.4999	183146	37018	EUR-3_51832015_54081390	AFR-3_51832015_54081390	EAS-3_51832015_54081390		3.163005885345203e-8	51832015	54081390
EUR-10_104380410_106695048	10_106453832_G_A	10	106453832	G	A	-0.0528012	0.0095	128214	0.431	0.173305	0.662791	0.402632	0.418367	7.49935	186843	38691	EUR-10_104380410_106695048	AFR-10_104380410_106695048	EAS-10_104380410_106695048		3.1670141224792996e-8	104380410	106695048
EUR-3_49316972_51832015	3_49916710_C_T	3	49916710	C	T	0.0534008	0.0097	126293	0.386	0.263408	0.127907	0.382122	0.132653	7.49826	185088	38067	EUR-3_49316972_51832015	AFR-3_49316972_51832015	EAS-3_49316972_51832015		3.1749727338970904e-8	49316972	51832015
EUR-7_65689809_68234074	7_67685754_A_T	7	67685754	A	T	-0.101301	0.0184	74970	0.099	0.0753564	0.0697674	0.10308	0.336735	7.43593	48850	30410	EUR-7_65689809_68234074	AFR-7_65689809_68234074	EAS-7_65689809_68234074		3.6649664216676784e-8	65689809	68234074
EUR-10_8774665_10249396	10_8784773_C_A	10	8784773	C	A	-0.0530003	0.0097	128214	0.599	0.209776	0.197674	0.619908	0.367347	7.38258	186843	38691	EUR-10_8774665_10249396	AFR-10_8774665_10249396	EAS-10_8774665_10249396		4.1440024166124377e-8	8774665	10249396
